<?xml version="1.0" ?>

<container xmlns="http://symfony.com/schema/dic/services"
    xmlns:xsi="http://www.w3.org/2001/XMLSchema-instance"
    xsi:schemaLocation="http://symfony.com/schema/dic/services http://symfony.com/schema/dic/services/services-1.0.xsd">

    <parameters>
        <parameter key="richpolis_gal_mon.isactive.extension.class">Richpolis\GalMonBundle\Twig\IsActiveExtension</parameter>
    </parameters>
    
    <services>
        <service id="richpolis_gal_mon.twig.is_active_extension" class="%richpolis_gal_mon.isactive.extension.class%">
            <tag name="twig.extension" />
        </service>
    </services>
    <!--
    <parameters>
        <parameter key="richpolis_gal_mon.example.class">Richpolis\GalMonBundle\Example</parameter>
    </parameters>

    <services>
        <service id="richpolis_gal_mon.example" class="%richpolis_gal_mon.example.class%">
            <argument type="service" id="service_id" />
            <argument>plain_value</argument>
            <argument>%parameter_name%</argument>
        </service>
    </services>
    -->
</container>
